,loss_train
0,2.0288262367248535
1,1.8356329202651978
2,2.0091934204101562
3,1.8562954664230347
4,1.9058332443237305
5,1.9650498628616333
6,1.7579116821289062
7,2.1385014057159424
8,2.146636962890625
9,1.7615317106246948
10,2.1618852615356445
11,1.9384266138076782
12,1.3796944618225098
13,1.9669746160507202
14,1.8732300996780396
15,1.9796222448349
16,1.4641354084014893
17,2.043879747390747
18,1.7824686765670776
19,1.6069318056106567
20,1.7007112503051758
21,1.7896124124526978
22,1.688767910003662
23,1.8788986206054688
24,1.8598300218582153
25,1.8425101041793823
26,1.7673066854476929
27,1.4531749486923218
28,1.7165553569793701
29,2.391514778137207
30,1.8046395778656006
31,1.736953854560852
32,1.8365951776504517
33,1.8384290933609009
34,1.9047867059707642
35,1.8209741115570068
36,1.7124477624893188
37,1.5728895664215088
38,1.9006620645523071
39,1.9848039150238037
40,1.77225923538208
41,1.7872525453567505
42,1.8178962469100952
43,1.4874603748321533
44,1.5199731588363647
45,1.3697724342346191
46,1.7174121141433716
47,1.854884386062622
48,1.7528060674667358
49,1.602533221244812
50,1.69852876663208
51,1.7341336011886597
52,1.7045314311981201
53,1.7811334133148193
54,1.783402681350708
55,2.114169120788574
56,1.6540708541870117
57,1.6694412231445312
58,1.7793573141098022
59,1.5530531406402588
60,1.581207275390625
61,1.4347922801971436
62,1.5697226524353027
63,1.836317539215088
64,1.6255139112472534
65,1.5379986763000488
66,1.4994503259658813
67,1.8219363689422607
68,1.5258694887161255
69,1.4906775951385498
70,1.7044084072113037
71,1.6288810968399048
72,1.3838218450546265
73,1.5712175369262695
74,1.7649133205413818
75,1.467960238456726
76,1.268568515777588
77,1.3234591484069824
78,1.6783628463745117
79,1.7053499221801758
80,1.7980704307556152
81,1.616545557975769
82,1.913221836090088
83,1.488301396369934
84,1.753210425376892
85,1.426173210144043
86,1.3130946159362793
87,1.6225568056106567
88,1.7033354043960571
89,1.5833343267440796
90,1.582908272743225
91,1.7102400064468384
92,1.3513789176940918
93,1.7204166650772095
94,1.6588809490203857
95,1.5739529132843018
96,1.5284132957458496
97,1.4692773818969727
98,1.513639211654663
99,1.4922103881835938
100,1.6002910137176514
101,1.6613433361053467
102,1.4947258234024048
103,1.7261221408843994
104,1.5302737951278687
105,1.6230663061141968
106,1.409414529800415
107,1.3612513542175293
108,1.2950787544250488
109,1.3529725074768066
110,1.5379784107208252
111,1.6669186353683472
112,1.6030367612838745
113,1.4252238273620605
114,1.6562964916229248
115,1.4547173976898193
116,1.3161749839782715
117,1.3571114540100098
118,1.8056612014770508
119,1.6534488201141357
120,1.730276346206665
121,1.3343148231506348
122,1.644255518913269
123,1.4836937189102173
124,1.5936686992645264
125,1.391404628753662
126,1.510716438293457
127,1.4571537971496582
128,1.2283949851989746
129,1.4851782321929932
130,1.5682094097137451
131,1.3409228324890137
132,1.53578782081604
133,1.3158444166183472
134,1.3360193967819214
135,1.5350160598754883
136,1.445127248764038
137,1.662166714668274
138,1.534279465675354
139,1.7786201238632202
140,1.60614013671875
141,1.7270269393920898
142,1.5402979850769043
143,1.4654933214187622
144,1.3741172552108765
145,1.6288775205612183
146,1.474279761314392
147,1.6906307935714722
148,1.3429510593414307
149,1.5283068418502808
150,1.3423378467559814
151,1.7861443758010864
152,1.3924202919006348
153,1.6683436632156372
154,1.424485206604004
155,1.737442135810852
156,1.595628261566162
157,1.4255058765411377
158,1.5809028148651123
159,1.590821385383606
160,1.3595679998397827
161,1.2931087017059326
162,1.552192211151123
163,1.4171329736709595
164,1.6688679456710815
165,1.5807422399520874
166,1.494933009147644
167,1.7067484855651855
168,1.5177514553070068
169,1.367360234260559
170,1.4301327466964722
171,1.5423157215118408
172,1.3856077194213867
173,1.3275986909866333
174,1.341578722000122
175,1.330424189567566
176,1.2647507190704346
177,1.501084566116333
178,1.3850692510604858
179,1.4726498126983643
180,1.641329288482666
181,1.5950334072113037
182,1.2182905673980713
183,1.246008038520813
184,1.4160187244415283
185,1.2968394756317139
186,1.6818445920944214
187,1.4875578880310059
188,1.3879826068878174
189,1.680905818939209
190,1.46684992313385
191,1.2513489723205566
192,1.734818696975708
193,1.331997036933899
194,1.6826729774475098
195,1.4137715101242065
196,1.3128113746643066
197,1.515537142753601
198,1.433609127998352
199,1.394433617591858
200,1.4537512063980103
201,1.300592303276062
202,1.6769835948944092
203,1.4749929904937744
204,1.6272300481796265
205,1.9304170608520508
206,1.1238001585006714
207,1.5792385339736938
208,1.5382530689239502
209,1.5116790533065796
210,1.5817452669143677
211,1.5298702716827393
212,1.468161940574646
213,1.3563182353973389
214,1.2704204320907593
215,1.450179934501648
216,1.6886377334594727
217,1.386318325996399
218,1.5769133567810059
219,1.5384310483932495
220,1.363542079925537
221,1.5845894813537598
222,1.397578239440918
223,1.6023788452148438
224,1.2660807371139526
225,1.343385934829712
226,1.3278330564498901
227,1.483087182044983
228,1.2934645414352417
229,1.1211875677108765
230,1.6730053424835205
231,1.2764613628387451
232,1.3878507614135742
233,1.4574737548828125
234,1.1982944011688232
235,1.201589584350586
236,1.4590134620666504
237,1.2067447900772095
238,1.278975009918213
239,1.2894935607910156
240,1.4457387924194336
241,1.3874213695526123
242,1.7705671787261963
243,1.2157078981399536
244,1.24582839012146
245,1.4169377088546753
246,1.1667906045913696
247,1.4654045104980469
248,1.3742108345031738
249,1.4030030965805054
250,1.2665444612503052
251,1.329253077507019
252,1.6173198223114014
253,1.4621214866638184
254,1.715601921081543
255,1.3962483406066895
256,1.4929944276809692
257,1.4711647033691406
258,1.8565964698791504
259,1.401208758354187
260,1.5141606330871582
261,1.3318660259246826
262,1.265476942062378
263,1.343855619430542
264,1.1693516969680786
265,1.350673794746399
266,1.160740852355957
267,1.3352121114730835
268,1.3679990768432617
269,1.3610588312149048
270,1.444812297821045
271,1.4901325702667236
272,1.2999588251113892
273,1.6911448240280151
274,1.6302971839904785
275,1.0970289707183838
276,1.3067561388015747
277,1.2342830896377563
278,1.4496369361877441
279,1.4186451435089111
280,1.501521348953247
281,1.1860573291778564
282,1.0578500032424927
283,1.281012773513794
284,1.3591444492340088
285,1.5413463115692139
286,1.6470364332199097
287,1.5560941696166992
288,1.1505939960479736
289,1.450913906097412
290,1.22987699508667
291,1.0921990871429443
292,1.5666189193725586
293,1.3073034286499023
294,1.4670885801315308
295,1.1952147483825684
296,1.3963056802749634
297,1.1230849027633667
298,1.3209670782089233
299,1.3004851341247559
300,1.3873263597488403
301,1.3539247512817383
302,1.2408061027526855
303,1.1940412521362305
304,1.4860403537750244
305,1.736099362373352
306,1.4533578157424927
307,1.240201473236084
308,1.2597508430480957
309,1.4413468837738037
310,1.7497590780258179
311,1.7715215682983398
312,1.1448746919631958
313,1.3385833501815796
314,1.2429310083389282
315,1.266361117362976
316,1.3930487632751465
317,1.5349453687667847
318,1.4314162731170654
319,1.4837580919265747
320,1.4821356534957886
321,1.4513074159622192
322,1.2262459993362427
323,1.4579873085021973
324,1.3181086778640747
325,1.5882011651992798
326,1.473014235496521
327,1.5267561674118042
328,1.4504488706588745
329,1.5779883861541748
330,1.3882801532745361
331,1.350150465965271
332,1.3233643770217896
333,1.2473465204238892
334,1.1052781343460083
335,1.4055787324905396
336,1.267305850982666
337,1.3836132287979126
338,1.568159818649292
339,1.2079377174377441
340,1.2644813060760498
341,1.1210732460021973
342,1.1244864463806152
343,1.1864001750946045
344,1.1507139205932617
345,1.2510960102081299
346,1.2939307689666748
347,1.315992832183838
348,1.3386174440383911
349,1.2004785537719727
350,1.415683627128601
351,1.5871262550354004
352,1.212277889251709
353,1.3147538900375366
354,1.3894622325897217
355,1.2302608489990234
356,1.4656469821929932
357,1.3902517557144165
358,1.4284298419952393
359,1.5118058919906616
360,1.1711097955703735
361,1.2522832155227661
362,1.2813950777053833
363,1.2935069799423218
364,1.1397086381912231
365,1.105717658996582
366,1.197410225868225
367,1.4189115762710571
368,1.2379894256591797
369,1.5583224296569824
370,1.3514418601989746
371,1.047552466392517
372,0.9506362676620483
373,1.3524467945098877
374,1.2625261545181274
375,1.2257795333862305
376,1.265658974647522
377,1.2571216821670532
378,1.455318570137024
379,1.546799898147583
380,1.165431022644043
381,1.4147047996520996
382,1.3130202293395996
383,1.2710763216018677
384,1.282170057296753
385,1.2759084701538086
386,1.2860713005065918
387,1.5631619691848755
388,1.3098573684692383
389,1.553810715675354
390,1.1808576583862305
391,1.5515975952148438
392,1.30547297000885
393,1.3252441883087158
394,1.207755446434021
395,1.3215442895889282
396,1.5044561624526978
397,1.6202023029327393
398,1.2291631698608398
399,1.3046187162399292
400,1.551345705986023
401,1.5341647863388062
402,1.3835922479629517
403,1.218450903892517
404,1.3247878551483154
405,1.2901158332824707
406,1.2304342985153198
407,1.5878573656082153
408,1.3606719970703125
409,1.1930346488952637
410,1.3325320482254028
411,1.5389132499694824
412,1.435899257659912
413,1.2466554641723633
414,1.3002837896347046
415,1.3363711833953857
416,0.9761861562728882
417,1.2662423849105835
418,1.0371111631393433
419,1.1237810850143433
420,1.2620640993118286
421,1.1663308143615723
422,1.237197995185852
423,1.389406442642212
424,1.5038540363311768
425,1.4543206691741943
426,1.3076835870742798
427,1.1414200067520142
428,1.3819977045059204
429,1.5065780878067017
430,1.2262771129608154
431,1.2938040494918823
432,1.3335992097854614
433,1.3999119997024536
434,1.4054837226867676
435,1.2805453538894653
436,1.3398313522338867
437,1.2439749240875244
438,1.3588006496429443
439,1.1776989698410034
440,1.4776536226272583
441,0.9828147292137146
442,1.4269897937774658
443,1.28733491897583
444,1.356164574623108
445,1.254919171333313
446,1.1598842144012451
447,1.335475206375122
448,1.3060226440429688
449,1.286971092224121
450,1.2541967630386353
451,1.128556728363037
452,1.2336753606796265
453,1.1960276365280151
454,1.0579230785369873
455,1.2939064502716064
456,1.3522834777832031
457,1.1035631895065308
458,1.2050870656967163
459,1.2082347869873047
460,1.3559390306472778
461,1.129231572151184
462,1.2946946620941162
463,1.1573877334594727
464,1.3156574964523315
465,1.11078679561615
466,1.163588523864746
467,1.2221674919128418
468,1.3858375549316406
469,1.2755963802337646
470,1.1666702032089233
471,1.0925661325454712
472,1.1187571287155151
473,1.1230249404907227
474,1.3485472202301025
475,1.1091583967208862
476,1.5301175117492676
477,1.0728344917297363
478,1.156072974205017
479,1.1164497137069702
480,1.330322265625
481,1.3731262683868408
482,1.1014854907989502
483,1.0873985290527344
484,1.1345635652542114
485,1.3942270278930664
486,1.1756086349487305
487,1.0718331336975098
488,1.1502934694290161
489,1.2145657539367676
490,1.2878053188323975
491,1.3479498624801636
492,1.0297634601593018
493,1.2179174423217773
494,1.3171418905258179
495,1.1629197597503662
496,1.3018685579299927
497,1.5044821500778198
498,1.105533480644226
499,1.6141225099563599
500,1.5149192810058594
501,0.9903736114501953
502,1.163178563117981
503,1.189526081085205
504,1.2361433506011963
505,1.4622780084609985
506,1.4147645235061646
507,0.9495861530303955
508,1.157517433166504
509,1.0326740741729736
510,1.2458600997924805
511,1.2108845710754395
512,1.1997123956680298
513,1.0928330421447754
514,1.2179118394851685
515,1.2413873672485352
516,1.2358906269073486
517,1.1317546367645264
518,1.20136296749115
519,1.1055165529251099
520,1.591672658920288
521,1.3641704320907593
522,1.3376760482788086
523,1.2781691551208496
524,1.1066107749938965
525,1.4838042259216309
526,1.4860790967941284
527,1.7328993082046509
528,1.3673878908157349
529,1.1288131475448608
530,1.2323662042617798
531,1.547088623046875
532,1.254673719406128
533,1.4952141046524048
534,1.4664250612258911
535,1.1247200965881348
536,1.3614879846572876
537,1.164700984954834
538,1.3613325357437134
539,1.1850615739822388
540,1.3276437520980835
541,1.118182897567749
542,1.0940420627593994
543,1.0480055809020996
544,1.2111248970031738
545,1.3099980354309082
546,1.064639925956726
547,1.125037670135498
548,1.225694179534912
549,1.1348538398742676
550,0.9519113302230835
551,1.2289015054702759
552,1.1170506477355957
553,1.2453601360321045
554,1.2522952556610107
555,1.3242697715759277
556,1.3241981267929077
557,1.3161044120788574
558,1.4172320365905762
559,1.4986768960952759
560,1.045329213142395
561,1.132547378540039
562,1.2701847553253174
563,0.9658050537109375
564,1.1414848566055298
565,1.2568775415420532
566,1.3256419897079468
567,1.042393684387207
568,1.1336625814437866
569,1.2440707683563232
570,1.0855207443237305
571,1.1668081283569336
572,1.0868463516235352
573,1.117848515510559
574,1.4183931350708008
575,1.2965936660766602
576,1.1508914232254028
577,1.2102019786834717
578,1.0460188388824463
579,1.258061170578003
580,1.0601218938827515
581,1.0146597623825073
582,1.2501164674758911
583,1.3269777297973633
584,1.2703957557678223
585,1.141872763633728
586,1.0258495807647705
587,1.0934730768203735
588,1.404807448387146
589,1.1102880239486694
590,0.8953157663345337
591,1.1632335186004639
592,1.1547057628631592
593,1.2136473655700684
594,1.1144508123397827
595,0.9558859467506409
596,0.9366285800933838
597,1.3653193712234497
598,1.413319706916809
599,1.2190595865249634
600,1.1481322050094604
601,1.261983036994934
602,1.1249009370803833
603,1.0705798864364624
604,0.9636982083320618
605,1.3402410745620728
606,1.1841875314712524
607,1.0196311473846436
608,0.9414163827896118
609,1.13840913772583
610,1.071996808052063
611,1.28080153465271
612,1.0357203483581543
613,1.1046794652938843
614,1.0895187854766846
615,1.3091745376586914
616,1.5945063829421997
617,1.1729835271835327
618,1.2476025819778442
619,1.5607260465621948
620,1.3501354455947876
621,0.920849084854126
622,1.022510051727295
623,1.1654151678085327
624,1.1391974687576294
625,1.1660645008087158
626,1.0157864093780518
627,1.185370683670044
628,1.228835105895996
629,1.192517876625061
630,1.0856741666793823
631,1.0897706747055054
632,1.2368663549423218
633,1.0526814460754395
634,1.3415063619613647
635,0.9908294677734375
636,1.2838836908340454
637,1.1955187320709229
638,1.5031335353851318
639,1.2237749099731445
640,1.1403764486312866
641,1.1831774711608887
642,1.2280943393707275
643,1.3958865404129028
644,1.1622833013534546
645,1.2569562196731567
646,1.1273781061172485
647,0.9660756587982178
648,1.1990944147109985
649,1.058772325515747
650,1.255689024925232
651,1.1531926393508911
652,1.4190466403961182
653,1.3537899255752563
654,0.8939169049263
655,0.9614596366882324
656,1.1663408279418945
657,1.0849809646606445
658,1.3935537338256836
659,0.9142662286758423
660,1.007827877998352
661,0.8809312582015991
662,1.2227065563201904
663,0.885505735874176
664,1.2344820499420166
665,1.1048762798309326
666,1.249925971031189
667,1.1181533336639404
668,1.028640627861023
669,1.2183220386505127
670,1.324674367904663
671,1.235296368598938
672,1.2844761610031128
673,1.0799219608306885
674,1.1490602493286133
675,1.1638360023498535
676,1.2140053510665894
677,1.092017650604248
678,0.8947961926460266
679,1.0153536796569824
680,0.9759602546691895
681,1.2151086330413818
682,1.171836495399475
683,1.0959751605987549
684,1.3038064241409302
685,1.0684833526611328
686,1.3003756999969482
687,1.1140800714492798
688,1.1445142030715942
689,0.9036619663238525
690,1.0665432214736938
691,0.9930034875869751
692,1.0372719764709473
693,1.1632658243179321
694,1.0486618280410767
695,0.9587252140045166
696,0.9536378979682922
697,0.9014923572540283
698,1.1371681690216064
699,1.148760199546814
700,1.1145391464233398
701,1.1519322395324707
702,1.2148245573043823
703,0.9740872979164124
704,1.2847621440887451
705,1.3132647275924683
706,1.2954405546188354
707,0.9843977093696594
708,0.9676940441131592
709,1.0786309242248535
710,1.05668306350708
711,1.2840501070022583
712,1.104225993156433
713,1.170930027961731
714,1.047829031944275
715,0.9092745780944824
716,1.1041595935821533
717,1.1195178031921387
718,1.3057012557983398
719,1.1811450719833374
720,1.3022854328155518
721,1.175693392753601
722,0.9871084094047546
723,1.027644157409668
724,1.065497875213623
725,1.246629238128662
726,1.0297273397445679
727,1.4195830821990967
728,1.048943042755127
729,1.2681411504745483
730,1.22364342212677
731,0.9181486368179321
732,1.34293794631958
733,1.2132163047790527
734,1.145188808441162
735,1.242467999458313
736,1.0467650890350342
737,1.2336255311965942
738,0.9216548800468445
739,0.9815021753311157
740,0.948720395565033
741,1.0369656085968018
742,1.1289652585983276
743,0.9115985035896301
744,1.112715721130371
745,1.192286729812622
746,1.0570940971374512
747,1.1766856908798218
748,1.0913945436477661
749,1.2409729957580566
750,0.9993218183517456
751,1.3329670429229736
752,1.3004974126815796
753,0.9805927276611328
754,0.9229455590248108
755,1.0339641571044922
756,0.9772123694419861
757,1.1112289428710938
758,1.0961039066314697
759,0.9395358562469482
760,0.9068355560302734
761,1.051819086074829
762,1.004333734512329
763,1.323699951171875
764,1.2473254203796387
765,0.9263043999671936
766,1.1318943500518799
767,1.2275505065917969
768,1.144441843032837
769,1.3039265871047974
770,1.0426961183547974
771,0.9791243672370911
772,1.055325984954834
773,0.9994325041770935
774,0.9053890109062195
775,1.2162917852401733
776,1.1055941581726074
777,1.2181122303009033
778,1.3177826404571533
779,1.1095912456512451
780,1.0540966987609863
781,1.3226662874221802
782,1.4908239841461182
783,1.2188055515289307
784,1.097140908241272
785,1.0282360315322876
786,1.005265235900879
787,1.0853626728057861
788,0.965846836566925
789,0.9796732068061829
790,1.0701572895050049
791,1.0824421644210815
792,0.8688087463378906
793,1.0269746780395508
794,0.9729804992675781
795,1.2168715000152588
796,1.065300464630127
797,0.750100314617157
798,1.0670369863510132
799,1.0011727809906006
800,0.9903197288513184
801,0.9003356099128723
802,1.1997915506362915
803,1.200464129447937
804,0.9542840719223022
805,1.1874583959579468
806,1.001298427581787
807,0.9370989799499512
808,0.9652326107025146
809,0.9242899417877197
810,1.1201454401016235
811,1.0530675649642944
812,0.941479504108429
813,0.8837370872497559
814,1.0498683452606201
815,0.7996596693992615
816,0.9058910608291626
817,0.8803539276123047
818,1.1441261768341064
819,1.0293229818344116
820,0.9037523865699768
821,0.9726510643959045
822,1.3419359922409058
823,0.7158238291740417
824,1.1897380352020264
825,1.0949887037277222
826,1.0550403594970703
827,0.9669761657714844
828,1.0647497177124023
829,0.7906116247177124
830,0.879860520362854
831,0.9490955471992493
832,1.3388137817382812
833,1.4537148475646973
834,1.2340909242630005
835,0.9174169898033142
836,0.8521014451980591
837,0.968060314655304
838,0.9245201945304871
839,1.0803799629211426
840,0.9910856485366821
841,0.9054957628250122
842,1.1448338031768799
843,0.7887782454490662
844,0.7285215854644775
845,0.9871586561203003
846,1.2531390190124512
847,0.9971230030059814
848,0.9613911509513855
849,1.0610263347625732
850,1.0000386238098145
851,0.9036747217178345
852,1.1580729484558105
853,1.0923144817352295
854,0.8834813833236694
855,1.1691068410873413
856,0.899285078048706
857,0.9951154589653015
858,1.187470555305481
859,1.0061695575714111
860,0.9616659283638
861,1.1067293882369995
862,0.8739019632339478
863,0.9411211609840393
864,1.1396126747131348
865,1.2744176387786865
866,1.185269832611084
867,1.0226185321807861
868,1.3639233112335205
869,1.2581616640090942
870,1.0954296588897705
871,1.0872693061828613
872,1.0470587015151978
873,1.1584107875823975
874,1.1515806913375854
875,1.071641206741333
876,0.9662603735923767
877,1.0603554248809814
878,1.1371575593948364
879,0.9246867895126343
880,1.2735017538070679
881,0.979459285736084
882,0.92755526304245
883,1.2486180067062378
884,1.0256235599517822
885,1.1288527250289917
886,1.3829870223999023
887,1.1563066244125366
888,1.227650761604309
889,1.1074897050857544
890,1.1394258737564087
891,1.0099824666976929
892,0.9511187672615051
893,1.2662560939788818
894,1.178756833076477
895,0.945280134677887
896,0.9060205817222595
897,1.0518357753753662
898,1.0583819150924683
899,0.7090396285057068
900,1.0202882289886475
901,0.963469386100769
902,0.7761659026145935
903,1.1243476867675781
904,1.0547527074813843
905,1.060218095779419
906,0.951447606086731
907,0.9532322883605957
908,0.7668878436088562
909,0.984600305557251
910,0.9712873697280884
911,0.8996649384498596
912,0.9761621952056885
913,0.9754827618598938
914,0.8624899983406067
915,0.8359395861625671
916,1.151336669921875
917,0.938666582107544
918,0.8809105753898621
919,1.157021164894104
920,1.288515567779541
921,0.8179651498794556
922,1.0207494497299194
923,0.8640294075012207
924,1.1652454137802124
925,1.0811229944229126
926,1.1859345436096191
927,1.0468485355377197
928,0.8082759380340576
929,0.7876682281494141
930,0.8184210062026978
931,1.0686407089233398
932,1.1854625940322876
933,1.0147761106491089
934,0.9745913743972778
935,0.7838436365127563
936,1.0714771747589111
937,1.087459921836853
938,0.8794891834259033
939,0.9627676606178284
940,1.0062638521194458
941,0.8429911136627197
942,1.0802794694900513
943,1.0770000219345093
944,1.1688752174377441
945,0.9775270223617554
946,0.9964044690132141
947,1.216618299484253
948,0.7607336640357971
949,0.9176366329193115
950,1.2922917604446411
951,1.1466948986053467
952,1.1095815896987915
953,1.1238785982131958
954,1.2336708307266235
955,1.0202412605285645
956,1.0328010320663452
957,1.1133865118026733
958,0.8745858669281006
959,0.8074581027030945
960,0.7658252120018005
961,1.052523136138916
962,1.0585287809371948
963,0.9532473683357239
964,1.052854061126709
965,0.9024651050567627
966,0.8584844470024109
967,0.7998182773590088
968,0.8517284393310547
969,0.9206270575523376
970,1.2174590826034546
971,0.8922146558761597
972,1.1951106786727905
973,0.8915015459060669
974,1.0911442041397095
975,0.8528834581375122
976,0.7834140658378601
977,1.133298635482788
978,0.8642340302467346
979,1.1967854499816895
980,0.8864343762397766
981,0.9128520488739014
982,0.9005623459815979
983,0.9986891150474548
984,1.0043302774429321
985,1.0550634860992432
986,0.9314147233963013
987,1.0688230991363525
988,0.8822543621063232
989,0.7115554213523865
990,1.0798108577728271
991,1.0171945095062256
992,1.2799118757247925
993,0.7851423025131226
994,0.8924508690834045
995,0.8879635334014893
996,0.9946216344833374
997,1.0570955276489258
998,1.009251594543457
999,0.817270040512085
1000,1.1310194730758667
1001,0.9076434373855591
1002,1.191466212272644
1003,0.8481813073158264
1004,0.957263171672821
1005,1.1477056741714478
1006,1.2225340604782104
1007,0.9889561533927917
1008,0.8273600935935974
1009,1.081831932067871
1010,0.8610280752182007
1011,1.0108039379119873
1012,0.9377162456512451
1013,0.7462270855903625
1014,0.8844174146652222
1015,0.999103844165802
1016,0.9481324553489685
1017,0.7426173686981201
1018,0.6874348521232605
1019,1.291953682899475
1020,0.790671169757843
1021,0.9201309084892273
1022,0.8073795437812805
1023,1.017781138420105
1024,0.8465969562530518
1025,0.817610502243042
1026,0.8818531632423401
1027,1.0010749101638794
1028,0.9165254235267639
1029,1.028990387916565
1030,1.0095524787902832
1031,0.8289833068847656
1032,0.9546520113945007
1033,1.0804963111877441
1034,0.8491485118865967
1035,0.9548394680023193
1036,0.7482720017433167
1037,0.8827909231185913
1038,0.8440258502960205
1039,0.9300199151039124
1040,0.752694845199585
1041,0.8136982917785645
1042,0.8342427015304565
1043,1.1190311908721924
1044,0.9723451137542725
1045,0.7773380875587463
1046,0.8925957679748535
1047,0.7986273169517517
1048,0.8077029585838318
1049,0.7485356330871582
1050,0.8330535888671875
1051,0.8840364813804626
1052,0.9064300060272217
1053,1.1226623058319092
1054,1.0741469860076904
1055,1.0190976858139038
1056,1.0103434324264526
1057,1.0195281505584717
1058,0.9901812076568604
1059,0.9264439940452576
1060,1.1314374208450317
1061,1.0500777959823608
1062,0.9497748613357544
1063,1.0797401666641235
1064,1.097724199295044
1065,0.7719173431396484
1066,0.8305805921554565
1067,1.1334068775177002
1068,0.7967237830162048
1069,1.1871614456176758
1070,0.9974019527435303
1071,1.0560492277145386
1072,0.8132566213607788
1073,0.9052493572235107
1074,0.9142727851867676
1075,0.9481344819068909
1076,0.8544864058494568
1077,1.0055291652679443
1078,1.1721357107162476
1079,0.9171172976493835
1080,1.0554752349853516
1081,0.9303195476531982
1082,0.988616943359375
1083,1.0240799188613892
1084,0.9285368919372559
1085,1.066291093826294
1086,1.0052573680877686
1087,0.9565359354019165
1088,0.9237545132637024
1089,0.9571688175201416
1090,1.0233805179595947
1091,0.7361820936203003
1092,1.125259280204773
1093,0.900301992893219
1094,0.8612939715385437
1095,0.928809642791748
1096,0.9127787947654724
1097,0.7782214283943176
1098,1.0658659934997559
1099,0.8730179667472839
1100,1.0055001974105835
1101,1.156364917755127
1102,1.137559175491333
1103,0.954398512840271
1104,0.8615856766700745
1105,0.9117844104766846
1106,0.9842864871025085
1107,0.7907621264457703
1108,0.8383074998855591
1109,1.122427225112915
1110,0.8407464623451233
1111,1.0239853858947754
1112,1.2046903371810913
1113,0.9847893714904785
1114,1.3037381172180176
1115,1.0662355422973633
1116,1.170536994934082
1117,0.9788842797279358
1118,0.9685671925544739
1119,0.9594690203666687
1120,0.8098593950271606
1121,1.0917049646377563
1122,0.9586594104766846
1123,0.9371969103813171
1124,0.796833336353302
1125,1.0076229572296143
1126,0.9213905334472656
1127,0.8974311351776123
1128,0.9570598602294922
1129,0.93023681640625
1130,0.9353033304214478
1131,0.7127468585968018
1132,0.7682066559791565
1133,0.7950066924095154
1134,0.7198857665061951
1135,1.0347908735275269
1136,0.986407995223999
1137,0.8971349596977234
1138,0.9232075214385986
1139,0.8836144208908081
1140,0.7448962926864624
1141,0.8529971837997437
1142,0.8904098272323608
1143,0.7645374536514282
1144,0.9008216857910156
1145,0.8492443561553955
1146,0.9360159039497375
1147,0.8469613790512085
1148,1.0972646474838257
1149,0.7648707032203674
1150,0.8394615650177002
1151,1.2116225957870483
1152,0.9654768109321594
1153,0.7421426177024841
1154,0.9738309383392334
1155,0.8020654320716858
1156,0.9119824767112732
1157,0.9705654978752136
1158,1.0571783781051636
1159,1.096505045890808
1160,0.8083459734916687
1161,0.9014214277267456
1162,1.1478798389434814
1163,1.0150420665740967
1164,0.7219244241714478
1165,1.035610556602478
1166,0.970335841178894
1167,1.12880539894104
1168,0.7539421319961548
1169,0.8514630198478699
1170,0.7566800117492676
1171,1.1884609460830688
1172,0.9113584160804749
1173,0.8179290890693665
1174,0.8105803728103638
1175,0.8958187103271484
1176,0.8629644513130188
1177,0.9149511456489563
1178,1.052354097366333
1179,0.8721180558204651
1180,0.794624388217926
1181,0.7030947208404541
1182,0.9045717716217041
1183,0.7756277322769165
1184,0.9458465576171875
1185,0.7424466013908386
1186,0.74609375
1187,0.7719683647155762
1188,0.8412418365478516
1189,0.8006392121315002
1190,0.8074954748153687
1191,0.9799894690513611
1192,0.9930731058120728
1193,0.9678117632865906
1194,0.9681734442710876
1195,0.9211469888687134
1196,0.8566046357154846
1197,0.8127004504203796
1198,0.831515908241272
1199,0.9398033618927002
1200,1.010696530342102
1201,0.9718806743621826
1202,0.9600947499275208
1203,0.70444655418396
1204,1.1255443096160889
1205,1.0552244186401367
1206,0.7813388705253601
1207,0.9286804795265198
1208,0.9349841475486755
1209,0.9828697443008423
1210,0.920233964920044
1211,0.9365827441215515
1212,1.057396650314331
1213,0.9355087280273438
1214,1.029502511024475
1215,0.9854986667633057
1216,0.8512164950370789
1217,0.9909861087799072
1218,1.1550548076629639
1219,0.9273198843002319
1220,0.9037045240402222
1221,0.9352975487709045
1222,1.0128717422485352
1223,1.1293292045593262
1224,0.9509247541427612
1225,0.7376441955566406
1226,0.8890629410743713
1227,0.8819610476493835
1228,1.0199103355407715
1229,0.8712477087974548
1230,0.8725624680519104
1231,1.00995671749115
1232,0.8348968625068665
1233,1.093196988105774
1234,0.7384381294250488
1235,0.7800523638725281
1236,0.8325007557868958
1237,0.8450478911399841
1238,0.702008843421936
1239,1.0741642713546753
1240,0.8205991983413696
1241,0.7204666137695312
1242,0.9307796359062195
1243,0.7019411325454712
1244,0.7460978627204895
1245,0.9046905040740967
1246,0.7039928436279297
1247,0.7972550988197327
1248,0.821210503578186
1249,0.873281717300415
1250,0.8362545967102051
1251,0.6560575366020203
1252,0.6907015442848206
1253,0.8550046682357788
1254,0.9356372356414795
1255,0.6494143009185791
1256,0.8662412762641907
1257,0.7659985423088074
1258,1.0198392868041992
1259,0.7946652173995972
1260,1.079209804534912
1261,0.7252726554870605
1262,0.899146556854248
1263,0.7919039130210876
1264,0.9583091139793396
1265,0.7326120138168335
1266,0.7415916323661804
1267,0.8075074553489685
1268,0.5533579587936401
1269,0.9723829627037048
1270,0.8261811137199402
1271,0.8755996227264404
1272,0.753661036491394
1273,0.6366803646087646
1274,0.7607501149177551
1275,0.7631483674049377
1276,0.7342787384986877
1277,0.8203634023666382
1278,0.8670288920402527
1279,0.9909989833831787
1280,0.796434760093689
1281,0.7208181619644165
1282,0.8794443011283875
1283,0.782917320728302
1284,0.8963582515716553
1285,0.6933048963546753
1286,0.9049324989318848
1287,0.8272037506103516
1288,0.8139771223068237
1289,0.9037795066833496
1290,0.9463426470756531
1291,0.9295666217803955
1292,0.9948863387107849
1293,0.7939878702163696
1294,0.7428390979766846
1295,1.0165109634399414
1296,1.0784159898757935
1297,1.0428539514541626
1298,0.9001774787902832
1299,0.9240430593490601
1300,0.876101553440094
1301,0.7842088937759399
1302,0.7704846262931824
1303,0.9884144067764282
1304,0.9526008367538452
1305,0.799960196018219
1306,1.0606662034988403
1307,0.8015393614768982
1308,0.9669641256332397
1309,0.98899245262146
1310,1.0251563787460327
1311,0.8490293622016907
1312,0.9654669761657715
1313,0.9215261936187744
1314,1.111577033996582
1315,0.887113094329834
1316,1.1432310342788696
1317,0.9590661525726318
1318,0.841684877872467
1319,0.9631919860839844
1320,0.9476928114891052
1321,1.1624464988708496
1322,0.873026430606842
1323,0.9304136037826538
1324,0.6534159779548645
1325,0.9572744965553284
1326,0.8182937502861023
1327,0.9012444019317627
1328,0.9315720200538635
1329,1.0371142625808716
1330,0.9096415042877197
1331,1.0349658727645874
1332,1.0172368288040161
1333,0.9420657157897949
1334,0.6057892441749573
1335,0.9890064001083374
1336,0.8499335646629333
1337,0.9738820791244507
1338,0.8145188689231873
1339,0.8989102244377136
1340,0.8981772065162659
1341,0.8638343811035156
1342,0.9833984971046448
1343,0.8585164546966553
1344,0.8040774464607239
1345,0.7061781883239746
1346,0.8153032660484314
1347,0.876213550567627
1348,0.8044259548187256
1349,0.6697850227355957
1350,0.7886741161346436
1351,0.792570173740387
1352,0.6709495782852173
1353,0.6727801561355591
1354,0.8046450018882751
1355,0.8367669582366943
1356,0.7849377989768982
1357,0.7992188334465027
1358,0.8145122528076172
1359,1.0542701482772827
1360,0.8645640015602112
1361,0.7496469616889954
1362,0.912240743637085
1363,0.7308641076087952
1364,0.9815800189971924
1365,0.7389481067657471
1366,0.6472238898277283
1367,0.7577839493751526
1368,0.8458884954452515
1369,0.950192391872406
1370,0.7721198797225952
1371,0.7748638987541199
1372,0.6916024684906006
1373,0.6170257329940796
1374,0.6793743371963501
1375,0.9969924688339233
1376,0.7889144420623779
1377,0.617331326007843
1378,0.7809333801269531
1379,0.6278691291809082
1380,0.9905194044113159
1381,0.8908655047416687
1382,0.7440127730369568
1383,0.8221173286437988
1384,1.218177318572998
1385,1.0360324382781982
1386,0.7435966730117798
1387,0.6291937232017517
1388,1.0110260248184204
1389,0.7260618805885315
1390,0.7511354684829712
1391,0.8104679584503174
1392,0.7191054821014404
1393,0.7249049544334412
1394,0.9252461194992065
1395,0.5683928728103638
1396,0.8197312951087952
1397,0.6522036194801331
1398,0.8904216885566711
1399,0.773210883140564
1400,0.8206643462181091
1401,0.859616756439209
1402,0.7956341505050659
1403,0.8834376335144043
1404,0.8395693302154541
1405,0.841937243938446
1406,0.7288693189620972
1407,0.807456374168396
1408,0.8936668634414673
1409,0.8589557409286499
1410,0.9091416001319885
1411,1.0232797861099243
1412,0.775061845779419
1413,1.1020443439483643
1414,0.9772645831108093
1415,0.6563363671302795
1416,0.7541776895523071
1417,0.7047445178031921
1418,0.8647899031639099
1419,0.8108972907066345
1420,1.0479542016983032
1421,0.8712297081947327
1422,0.9302579760551453
1423,0.7458555102348328
1424,0.7395789623260498
1425,1.023921251296997
1426,0.963168203830719
1427,0.7022029161453247
1428,0.9864869713783264
1429,0.8154722452163696
1430,0.8998807668685913
1431,0.8235730528831482
1432,1.1424643993377686
1433,0.8172448873519897
1434,0.8812939524650574
1435,0.9410493969917297
1436,0.8713365793228149
1437,0.8476657271385193
1438,0.8625182509422302
1439,1.0089861154556274
1440,0.7902906537055969
1441,0.8405960202217102
1442,0.9274441599845886
1443,0.9621545672416687
1444,0.8356514573097229
1445,0.7999433875083923
1446,0.8484706282615662
1447,1.131669044494629
1448,0.9771491885185242
1449,0.6690870523452759
1450,0.9017997980117798
1451,0.8469585180282593
1452,0.8461176156997681
1453,0.8165482878684998
1454,0.9769584536552429
1455,0.9123063087463379
1456,0.8193231225013733
1457,0.6724908351898193
1458,0.9312744140625
1459,0.6334006786346436
1460,0.8238641619682312
1461,0.8304547667503357
1462,0.7203682065010071
1463,0.9114330410957336
1464,0.8248791694641113
1465,0.9097683429718018
1466,0.8139311075210571
1467,0.8083479404449463
1468,0.9636409282684326
1469,1.129698395729065
1470,0.6830722093582153
1471,0.6838561296463013
1472,0.6859785318374634
1473,0.743604302406311
1474,0.835491955280304
1475,0.806204080581665
1476,0.7035545110702515
1477,0.750072181224823
1478,0.9083107113838196
1479,0.9397268891334534
1480,0.8929914236068726
1481,0.6559053063392639
1482,0.7373982071876526
1483,0.7798842787742615
1484,0.8017600178718567
1485,0.7249355912208557
1486,0.6696262955665588
1487,0.5956441760063171
1488,0.7405430674552917
1489,0.8728066086769104
1490,0.797823429107666
1491,0.8364025354385376
1492,0.5709484815597534
1493,0.8128104209899902
1494,0.8496859669685364
1495,0.6903204917907715
1496,0.7870854735374451
1497,0.9084189534187317
1498,0.9470388889312744
1499,0.6801145672798157
1500,0.8753771185874939
1501,0.8925269842147827
1502,0.8811287879943848
1503,0.8236004710197449
1504,0.7679811716079712
1505,0.6546266078948975
1506,0.6321657299995422
1507,0.732920229434967
1508,1.0227227210998535
1509,0.9345628619194031
1510,0.7600998878479004
1511,0.7737100720405579
1512,0.7613567113876343
1513,0.8756158351898193
1514,0.8735002279281616
1515,0.7772853970527649
1516,0.6388759613037109
1517,0.6924006938934326
1518,0.8612193465232849
1519,0.9375882744789124
1520,0.9412498474121094
1521,0.7863610982894897
1522,0.7863600254058838
1523,0.8736746311187744
1524,0.6851028203964233
1525,0.9691421389579773
1526,0.6903977990150452
1527,0.935971736907959
1528,0.7723259925842285
1529,0.7828994989395142
1530,0.7253442406654358
1531,0.8041635155677795
1532,0.708957314491272
1533,0.8457245826721191
1534,0.6730949282646179
1535,0.7866309881210327
1536,1.016814112663269
1537,0.7049525380134583
1538,0.7799823880195618
1539,0.7764635682106018
1540,0.9306411743164062
1541,0.7782502770423889
1542,0.78192138671875
1543,1.159942865371704
1544,0.8027685284614563
1545,0.641899049282074
1546,0.731086790561676
1547,0.7621567249298096
1548,0.8335405588150024
1549,0.9280600547790527
1550,0.8189147114753723
1551,0.6749942898750305
1552,0.7189750671386719
1553,0.9498738646507263
1554,0.796090841293335
1555,0.6982326507568359
1556,0.8151853084564209
1557,1.019819736480713
1558,0.6400724053382874
1559,0.7631994485855103
1560,0.7851889133453369
1561,0.9429986476898193
1562,0.8394036889076233
1563,0.7215189337730408
1564,0.7916922569274902
1565,0.629235565662384
1566,0.7925688028335571
1567,0.7693067193031311
1568,0.8519902229309082
1569,0.7596906423568726
1570,0.7526466250419617
1571,0.7740778923034668
1572,0.728872537612915
1573,0.6888687610626221
1574,0.6905153393745422
1575,0.6501558423042297
1576,0.7275164127349854
1577,0.8345603942871094
1578,0.7915763854980469
1579,0.7363994717597961
1580,0.9922705888748169
1581,0.8058722615242004
1582,0.6600431799888611
1583,0.7299578189849854
1584,0.8686498999595642
1585,0.7894909381866455
1586,0.8780667781829834
1587,0.6949170827865601
1588,0.6676235198974609
1589,0.7658824920654297
1590,0.8127862811088562
1591,0.75005704164505
1592,0.7977161407470703
1593,0.8114405870437622
1594,0.5902738571166992
1595,0.6834310293197632
1596,0.7395028471946716
1597,0.731610894203186
1598,0.775119960308075
1599,0.6360997557640076
1600,0.7917428016662598
1601,0.8525691032409668
1602,0.7410872578620911
1603,0.7316446900367737
1604,0.6468623280525208
1605,0.804516613483429
1606,0.6527952551841736
1607,0.7829210162162781
1608,0.881011962890625
1609,0.8689963817596436
1610,0.6566980481147766
1611,0.8915133476257324
1612,0.6945624351501465
1613,0.7215835452079773
1614,0.7737574577331543
1615,0.7856167554855347
1616,0.8383080363273621
1617,0.6136565208435059
1618,0.6120259761810303
1619,0.7609902024269104
1620,0.7881625890731812
1621,0.7505189776420593
1622,0.9286752343177795
1623,0.7843851447105408
1624,0.8510721325874329
1625,0.7996501922607422
1626,0.689130961894989
1627,0.8858699798583984
1628,0.8813302516937256
1629,0.7736670970916748
1630,0.8255403637886047
1631,0.7996912598609924
1632,0.7757990956306458
1633,0.8194389939308167
1634,0.8143012523651123
1635,0.7036944627761841
1636,0.5111762285232544
1637,0.806992769241333
1638,0.7409518361091614
1639,1.0079842805862427
1640,0.7369580268859863
1641,0.7057853937149048
1642,0.7213873267173767
1643,0.7819305658340454
1644,0.8691684603691101
1645,0.7626000046730042
1646,0.7837826609611511
1647,0.8092096447944641
1648,0.8671413660049438
1649,0.7687429189682007
1650,0.6794935464859009
1651,0.9373458623886108
1652,0.8747331500053406
1653,0.7816603779792786
1654,0.7843480110168457
1655,0.9130188226699829
1656,0.8042755126953125
1657,0.9004298448562622
1658,0.7572242617607117
1659,0.812862753868103
1660,0.8739603161811829
1661,0.7032937407493591
1662,0.8025872707366943
1663,0.7648507952690125
1664,0.5863500833511353
1665,0.9709488153457642
1666,0.7891649007797241
1667,0.7062227129936218
1668,0.61150723695755
1669,0.6024278402328491
1670,0.79339998960495
1671,0.8066455721855164
1672,0.7541019916534424
1673,0.779711127281189
1674,0.8272367715835571
1675,0.8655992746353149
1676,0.9485323429107666
1677,0.8045439720153809
1678,0.7715311646461487
1679,0.9219987988471985
1680,0.6984339356422424
1681,0.7252863049507141
1682,0.8394532203674316
1683,0.6780025959014893
1684,0.9277584552764893
1685,0.8926228284835815
1686,0.8340145349502563
1687,0.6967329382896423
1688,0.6441570520401001
1689,0.6592704057693481
1690,0.6285056471824646
1691,0.8284541964530945
1692,0.6639119982719421
1693,0.6230052709579468
1694,0.7598342299461365
1695,0.888297438621521
1696,0.7823807001113892
1697,0.7918087840080261
1698,0.8134397268295288
1699,0.6905240416526794
1700,0.7731513977050781
1701,0.8860388994216919
1702,0.5588821172714233
1703,0.6625828742980957
1704,0.6241337060928345
1705,0.601718544960022
1706,0.661612868309021
1707,0.7900288105010986
1708,0.7471287250518799
1709,0.5828464031219482
1710,0.7498645186424255
1711,0.8475529551506042
1712,0.64232337474823
1713,0.6186835765838623
1714,0.8092371225357056
1715,0.66217041015625
1716,0.735993504524231
1717,0.5874679088592529
1718,0.6657368540763855
1719,0.715046226978302
1720,0.7706765532493591
1721,0.6706621050834656
1722,0.7018657922744751
1723,0.7462854981422424
1724,0.8337408304214478
1725,0.6914716958999634
1726,0.6764810681343079
1727,0.6822599768638611
1728,0.9058835506439209
1729,0.7206604480743408
1730,0.7721074819564819
1731,0.7159822583198547
1732,0.5889127254486084
1733,0.6986857652664185
1734,0.6690958142280579
1735,0.8341323733329773
1736,0.8103139996528625
1737,0.8560889363288879
1738,0.6876745820045471
1739,0.7500929236412048
1740,0.826892077922821
1741,0.6399741172790527
1742,0.7790284752845764
1743,0.7493433952331543
1744,0.9607146978378296
1745,0.6552467942237854
1746,0.5705873966217041
1747,0.7180843353271484
1748,0.9571871161460876
1749,0.9459726214408875
1750,0.8678144812583923
1751,0.8184400796890259
1752,0.7967073917388916
1753,0.6876198053359985
1754,0.6960417032241821
1755,0.8285777568817139
1756,0.6706576347351074
1757,0.8366310596466064
1758,0.7745623588562012
1759,0.7343245148658752
1760,0.6732850074768066
1761,0.7384803295135498
1762,0.8816437721252441
1763,0.6082436442375183
1764,0.7292658090591431
1765,0.6941763162612915
1766,0.6708449721336365
1767,0.7346241474151611
1768,0.9713947176933289
1769,0.7768887281417847
1770,0.7564181685447693
1771,0.8285010457038879
1772,0.9504086375236511
1773,0.767047643661499
1774,0.8852249383926392
1775,0.8397341966629028
1776,0.6889429688453674
1777,0.6128889322280884
1778,0.7369348406791687
1779,0.9661686420440674
1780,0.6791060566902161
1781,0.7518939971923828
1782,0.9123459458351135
1783,0.8522763848304749
1784,0.7787737846374512
1785,0.6466369032859802
1786,0.5400620102882385
1787,0.7405144572257996
1788,0.7042847275733948
1789,1.187771201133728
1790,0.8510034084320068
1791,0.6884987354278564
1792,0.8573352098464966
1793,0.6605967879295349
1794,0.7154929637908936
1795,0.7435932755470276
1796,0.6816828846931458
1797,0.8071618676185608
1798,0.592717170715332
1799,0.7827772498130798
1800,0.6601536273956299
1801,0.8296653032302856
1802,0.7069486975669861
1803,0.7344411611557007
1804,0.8312828540802002
1805,0.8320453763008118
1806,0.5756068825721741
1807,0.7637527585029602
1808,0.6361173987388611
1809,0.5912342071533203
1810,0.6811987161636353
1811,0.6073915958404541
1812,0.6442299485206604
1813,0.7149154543876648
1814,0.5501683950424194
1815,0.7854867577552795
1816,0.5357210636138916
1817,0.618681013584137
1818,0.609286904335022
1819,0.7566502094268799
1820,0.8163968920707703
1821,0.7354545593261719
1822,0.6857430934906006
1823,0.6165590882301331
1824,0.6351611614227295
1825,0.7535860538482666
1826,0.6314563751220703
1827,0.6209954619407654
1828,0.7264835834503174
1829,0.6708949208259583
1830,0.7226186990737915
1831,0.9023309350013733
1832,0.6095558404922485
1833,0.6065463423728943
1834,0.6455267071723938
1835,0.5813056230545044
1836,0.6247801780700684
1837,0.9350005388259888
1838,0.825916588306427
1839,0.674551248550415
1840,0.7563918828964233
1841,0.634800136089325
1842,0.8044285774230957
1843,0.8257531523704529
1844,0.6589189171791077
1845,0.9496780633926392
1846,0.6654006838798523
1847,0.6457502245903015
1848,0.7065841555595398
1849,0.7309837937355042
1850,0.5906826853752136
1851,0.5250481963157654
1852,0.7708840370178223
1853,0.7560157179832458
1854,0.8830582499504089
1855,0.6907056570053101
1856,0.6306734681129456
1857,0.667930543422699
1858,0.8147329688072205
1859,0.7176300883293152
1860,0.7110704183578491
1861,0.7584645748138428
1862,0.6906561255455017
1863,0.8178677558898926
1864,0.8702619075775146
1865,0.6744331121444702
1866,0.9373552203178406
1867,0.7636063098907471
1868,0.7047910094261169
1869,0.656994640827179
1870,0.8309177160263062
1871,0.8996379971504211
1872,0.7082272171974182
1873,0.7850279808044434
1874,0.7497590780258179
1875,0.7497714161872864
1876,0.8865205645561218
1877,0.7740828990936279
1878,0.8091362118721008
1879,0.7019569873809814
1880,0.6990667581558228
1881,0.7393893599510193
1882,0.6567721366882324
1883,0.7393338680267334
1884,0.6743131875991821
1885,0.814705491065979
1886,0.6695994734764099
1887,0.582411527633667
1888,0.8435187339782715
1889,0.8671264052391052
1890,0.9257662892341614
1891,0.8302326202392578
1892,0.9998406767845154
1893,0.788957417011261
1894,0.6396093964576721
1895,0.84598708152771
1896,0.7052531242370605
1897,0.7464991211891174
1898,0.6784073710441589
1899,0.9378560781478882
1900,0.6392762064933777
1901,0.741527795791626
1902,0.689116358757019
1903,0.7767025828361511
1904,0.6743550896644592
1905,0.6345264911651611
1906,0.7606392502784729
1907,0.6322739124298096
1908,0.6956300139427185
1909,0.600570797920227
1910,0.5978806018829346
1911,0.5226407051086426
1912,0.5497867465019226
1913,0.6344506740570068
1914,0.8420849442481995
1915,0.7236195206642151
1916,0.5276504755020142
1917,0.6778705716133118
1918,0.6056303381919861
1919,0.683368444442749
1920,0.5326234698295593
1921,0.6093617677688599
1922,0.6077243089675903
1923,0.6868967413902283
1924,0.7893929481506348
1925,0.6891484260559082
1926,0.7366580367088318
1927,0.7469902038574219
1928,0.5988301634788513
1929,0.7490936517715454
1930,0.7385245561599731
1931,0.6705722808837891
1932,0.6157142519950867
1933,0.8210748434066772
1934,0.7458265423774719
1935,0.6516605615615845
1936,0.7751249670982361
1937,0.6365383267402649
1938,0.8480527997016907
1939,0.6015179753303528
1940,0.8392634391784668
1941,0.6646850109100342
1942,0.8690008521080017
1943,0.6564854979515076
1944,0.677140474319458
1945,0.8545016646385193
1946,0.9882595539093018
1947,0.6556342840194702
1948,0.7307948470115662
1949,0.6556458473205566
1950,0.7914548516273499
1951,0.8834448456764221
1952,0.665079653263092
1953,0.6588456630706787
1954,0.8238966464996338
1955,0.8797778487205505
1956,0.7863535284996033
1957,0.8287532329559326
1958,0.714009165763855
1959,0.844890296459198
1960,0.6279168725013733
1961,0.7772367596626282
1962,0.6928190588951111
1963,0.5963369011878967
1964,0.6083703637123108
1965,0.7917651534080505
1966,0.690081000328064
1967,0.6112828254699707
1968,0.8475361466407776
1969,0.7306542992591858
1970,0.743966281414032
1971,0.530758798122406
1972,0.6592996120452881
1973,0.7216470837593079
1974,0.7042048573493958
1975,0.7607412934303284
1976,0.7735443115234375
1977,0.6397778987884521
1978,0.7555484175682068
1979,0.8679539561271667
1980,0.9909236431121826
1981,0.7830175757408142
1982,0.7718164324760437
1983,0.5755096673965454
1984,0.7771301865577698
1985,0.8818185329437256
1986,0.7150710821151733
1987,0.5709254145622253
1988,0.8560975790023804
1989,0.7575236558914185
1990,0.7455856204032898
1991,0.800067126750946
1992,0.6321105360984802
1993,0.5883333683013916
1994,0.71235191822052
1995,0.7175439596176147
1996,0.6836156249046326
1997,0.5658548474311829
1998,0.6840948462486267
1999,0.6796005368232727
2000,0.6766514778137207
2001,0.5490199327468872
2002,0.6361331343650818
2003,0.5971378087997437
2004,0.745758056640625
2005,0.7073408365249634
2006,0.7986994981765747
2007,0.9059450030326843
2008,0.5525568127632141
2009,0.7780967950820923
2010,0.6301195621490479
2011,0.7924235463142395
2012,0.666134238243103
2013,0.7415575385093689
2014,0.8807635307312012
2015,0.7481942772865295
2016,0.48673781752586365
2017,0.6447561383247375
2018,0.6865658760070801
2019,0.4759941101074219
2020,0.5752659440040588
2021,0.6943604946136475
2022,0.658820390701294
2023,0.8149925470352173
2024,0.5512954592704773
2025,0.48412445187568665
2026,0.6113813519477844
2027,0.8220968842506409
2028,0.7088403105735779
2029,0.6842195987701416
2030,0.623940646648407
2031,0.5152568221092224
2032,0.7540913224220276
2033,0.5867817997932434
2034,0.609498143196106
2035,0.6242092251777649
2036,0.771834135055542
2037,0.7144555449485779
2038,0.8394358158111572
2039,0.7044994235038757
2040,0.6572185754776001
2041,0.6058109998703003
2042,0.5729173421859741
2043,0.6902645826339722
2044,0.6576173901557922
2045,0.7733500003814697
2046,0.6388384699821472
2047,0.7003408670425415
2048,0.5091354846954346
2049,0.5960171818733215
2050,0.5945098400115967
2051,0.5743827819824219
2052,0.7003437876701355
2053,0.6250401139259338
2054,0.652373194694519
2055,0.6310439109802246
2056,0.6667852997779846
2057,0.647220253944397
2058,0.7140951752662659
2059,0.6046046018600464
2060,0.8178206086158752
2061,0.7923796772956848
2062,0.5720847249031067
2063,0.7983518838882446
2064,0.6979212760925293
2065,0.8322093486785889
2066,0.6020540595054626
2067,0.710355281829834
2068,0.5589439272880554
2069,0.7193868160247803
2070,0.6154931783676147
2071,0.6121084094047546
2072,0.7220419049263
2073,0.7616645693778992
2074,0.7118072509765625
2075,0.6253867745399475
2076,0.5660836696624756
2077,0.5585495233535767
2078,0.6876756548881531
2079,0.6995075345039368
2080,0.7758662700653076
2081,0.6167244911193848
2082,0.7754625082015991
2083,0.6945966482162476
2084,0.610526978969574
2085,0.6665005683898926
2086,0.8427364230155945
2087,0.5102823972702026
2088,0.4925118684768677
2089,0.7586231231689453
2090,0.804654598236084
2091,0.5638978481292725
2092,0.6830791234970093
2093,0.6681944131851196
2094,0.6920958757400513
2095,0.7779069542884827
2096,0.7320781946182251
2097,0.6911895871162415
2098,0.8051247596740723
2099,0.7846838235855103
2100,0.6113078594207764
2101,0.6013134717941284
2102,0.5951814651489258
2103,0.6973243951797485
2104,0.9213647246360779
2105,0.7266560196876526
2106,0.6768726110458374
2107,0.6403190493583679
2108,0.5591561198234558
2109,0.8420633673667908
2110,0.8949043154716492
2111,0.5036157369613647
2112,0.7258583307266235
2113,0.6737194061279297
2114,0.567136287689209
2115,0.766132652759552
2116,0.6020504832267761
2117,0.6678962111473083
2118,0.6019836068153381
2119,0.5501016974449158
2120,0.748583197593689
2121,0.569561779499054
2122,0.8159343004226685
2123,0.7744028568267822
2124,0.6467764377593994
2125,0.9282572269439697
2126,0.5855257511138916
2127,0.6950228214263916
2128,0.4447374641895294
2129,0.685127854347229
2130,0.5629070401191711
2131,0.6443389654159546
2132,0.7119011878967285
2133,0.5825614929199219
2134,0.4427379369735718
2135,0.5003747344017029
2136,0.5406567454338074
2137,0.6883458495140076
2138,0.6314723491668701
2139,0.5377897620201111
2140,0.6407800912857056
2141,0.5482519268989563
2142,0.6926702260971069
2143,0.6005826592445374
2144,0.5821716785430908
2145,0.7474228143692017
2146,0.6755653619766235
2147,0.6995835304260254
2148,0.6295421719551086
2149,0.6705191731452942
2150,0.7649948000907898
2151,0.6589557528495789
2152,0.6207700967788696
2153,0.7020301818847656
2154,0.49535027146339417
2155,0.5710399746894836
2156,0.5018634796142578
2157,0.7276698350906372
2158,0.571465015411377
2159,0.6933798789978027
2160,0.578603208065033
2161,0.7072552442550659
2162,0.6587483882904053
2163,0.5385355949401855
2164,0.6982239484786987
2165,0.605866551399231
2166,0.620302140712738
2167,0.5687556266784668
2168,0.830217182636261
2169,0.6366441249847412
2170,0.655885636806488
2171,0.6912623643875122
2172,0.5872471928596497
2173,0.6253612637519836
2174,0.651242733001709
2175,0.6198597550392151
2176,0.4684102535247803
2177,0.5539844036102295
2178,0.647397518157959
2179,0.6091323494911194
2180,0.6823986172676086
2181,0.7020022869110107
2182,0.905235767364502
2183,0.7408074736595154
2184,0.7625952959060669
2185,0.7405998110771179
2186,0.8080394864082336
2187,0.6875994205474854
2188,0.5913991928100586
2189,0.5656908750534058
2190,0.7160353064537048
2191,0.6047661304473877
2192,0.5823075771331787
2193,0.788596510887146
2194,0.9670259952545166
2195,0.6495295166969299
2196,0.7299277782440186
2197,0.6058276295661926
2198,0.8149380683898926
2199,0.7246361374855042
2200,0.8724340200424194
2201,0.7052088379859924
2202,0.7356922030448914
2203,0.8666275143623352
2204,0.7063108682632446
2205,0.602743923664093
2206,0.6246135830879211
2207,0.7775759696960449
2208,0.625474750995636
2209,0.6620804667472839
2210,0.7047497034072876
2211,0.8417102694511414
2212,0.7592384219169617
2213,0.6525773406028748
2214,0.7321099042892456
2215,0.7304254174232483
2216,0.663063645362854
2217,0.6034399271011353
2218,0.6822529435157776
2219,0.6277757883071899
2220,0.8923764824867249
2221,0.5308923125267029
2222,0.6292323470115662
2223,0.5761056542396545
2224,0.7186152935028076
2225,0.7306700348854065
2226,0.5972113013267517
2227,0.7412021160125732
2228,0.60465008020401
2229,0.5172888040542603
2230,0.60280442237854
2231,0.7494442462921143
2232,0.6434780955314636
2233,0.7120279669761658
2234,0.7850744724273682
2235,0.5353967547416687
2236,0.7064911127090454
2237,0.8350468277931213
2238,0.7169520854949951
2239,0.7033112049102783
